id,active,first_name,last_name,email,phonenumber,address,city,state,zipcode
7f423bd5-3f18-4855-a743-37270178a08f,false,Chick,Heibel,cheibel0@gravatar.com,310-957-9716,795 Killdeer Terrace,Inglewood,CA,
f8b700a9-a11c-4cc1-99d5-00bee7b76de4,true,Terrance,Hecks,thecks1@bing.com,850-188-0980,5559 Oakridge Way,Tallahassee,FL,32304
8242629b-be7c-4a16-99ea-42cbc2c9304f,true,Malvina,Tarren,mtarren2@engadget.com,234-539-7315,3 Nelson Lane,Canton,OH,
07b519c6-e9e6-4917-9b88-b4879989fe7e,true,Carry,Newis,cnewis3@vinaora.com,,5 Lawn Hill,Arvada,,80005
c5a6ca77-9144-4176-aa79-1c953f881a31,true,Amelita,Treker,atreker4@163.com,971-769-0642,1905 Bayside Center,Portland,OR,97271
55f98755-9847-4de5-bad3-5831d0c0579a,true,Bren,Wingar,bwingar5@google.co.jp,952-844-9134,188 Sachs Way,Maple Plain,MN,55579
6321b9de-e75c-403e-a1a4-8dd07bad60ca,true,Orv,Platfoot,oplatfoot6@nifty.com,419-350-1838,55 Stoughton Trail,Toledo,OH,
acc7eafa-6894-4da3-aca1-2fa6ee59faf0,true,Sylvester,Janz,sjanz7@delicious.com,720-464-8588,08764 Scoville Crossing,Denver,CO,80204
b47c5285-0287-42ef-8b2c-2d2630c5d944,false,Diena,Losel,dlosel8@hud.gov,518-262-4798,0635 Lillian Point,,NY,12305
70105ab6-e007-402f-b91b-62e33b30424e,false,Irving,MacMaster,imacmaster9@webeden.co.uk,208-294-5443,848 Clemons Center,Boise,,83732
d78cf36b-6de8-4e4b-a341-5edbb5e625cf,false,Gillie,Pycock,gpycocka@amazonaws.com,206-607-6260,2 Jana Plaza,Kent,,98042
45680e04-6343-473c-98f7-aa339d170a0d,false,Jeffry,Deeprose,jdeeproseb@ihg.com,515-737-8390,9110 Hauk Street,Des Moines,IA,50936
0b2ac71a-3e26-4a06-b8d5-e49318978f50,false,Sherry,Tarbert,starbertc@furl.net,857-443-5000,3158 Golden Leaf Court,Watertown,MA,02472
d8cc4e5f-7440-4940-97ef-55c92b95ee6e,true,Gillie,Sherwin,gsherwind@theatlantic.com,,88603 Moulton Junction,Marietta,GA,30061
ccee6479-7559-4cae-a27d-a9cc274c3281,true,Susanne,Lottrington,slottringtone@360.cn,234-175-0528,3 Pennsylvania Plaza,Akron,OH,44393
e6330e60-3f74-472c-9073-6e769736c685,true,Angelia,Pallin,apallinf@jimdo.com,208-604-5084,061 Alpine Street,Boise,ID,
122d29e8-9326-4570-a7c3-90e2c6818b5f,true,Moselle,Duplan,mduplang@virginia.edu,920-675-4314,01722 Marquette Alley,Appleton,WI,54915
479ce933-0653-47ea-a056-cacd2636643f,false,Melba,Proby,mprobyh@uol.com.br,502-590-5069,02858 La Follette Terrace,Louisville,KY,40266
82162256-39e1-4c63-996d-9c39c8df8dbd,false,Vinnie,Spennock,vspennocki@hc360.com,757-423-0965,22070 Gateway Street,Virginia Beach,,23459
ee1e7c9c-974c-47ca-b051-158550666b92,true,Lory,Eltune,leltunej@last.fm,701-475-5384,686 Menomonie Lane,Fargo,ND,58106
